BS-CC-001Z,09/21/2019  00:00,-0.129921330000097,0
BS-CC-001Z,09/22/2019  00:00,-0.133858340000227,0
BS-CC-001Z,09/22/2019  08:40,-0.141732359999929,0
BS-CC-001Z,09/22/2019  08:50,-0.137795349999799,0
BS-CC-001Z,09/22/2019  09:00,-0.14566937000006,0
BS-CC-001Z,09/22/2019  10:10,-0.137795349999799,0
BS-CC-001Z,09/22/2019  10:20,-0.141732359999929,0
BS-CC-001Z,09/22/2019  10:50,-0.137795349999799,0
BS-CC-001Z,09/23/2019  00:00,-0.137795349999799,0
BS-CC-001Z,09/24/2019  00:00,-0.133858340000227,0
BS-CC-001Z,09/24/2019  07:10,-0.141732359999929,0
BS-CC-001Z,09/24/2019  08:10,-0.139763854999864,0
BS-CC-001Z,09/24/2019  08:30,-0.141732359999929,0
BS-CC-001Z,09/25/2019  00:00,-0.141732359999929,0
BS-CC-001Z,09/25/2019  05:00,-0.139763854999864,0
BS-CC-001Z,09/26/2019  00:00,-0.137795349999799,0
BS-CC-001Z,09/26/2019  08:00,-0.141732359999929,0
BS-CC-001Z,09/27/2019  00:00,-0.141732359999929,0
BS-CC-001Z,09/27/2019  15:01,-0.141732359999929,0
BS-CC-001Z,09/28/2019  00:00,-0.143700864999995,0
BS-CC-001Z,09/28/2019  03:00,-0.137795350000358,0
BS-CC-001Z,09/29/2019  09:30,-0.181102460000117,0
BS-CC-001Z,09/29/2019  13:50,-0.133858340000227,0
BS-CC-001Z,09/30/2019  00:00,-0.135826844999733,0
BS-CC-001Z,09/30/2019  19:20,-0.141732359999929,0
BS-CC-001Z,10/01/2019  00:00,-0.14566937000006,0
BS-CC-001Z,10/02/2019  00:00,-0.14566937000006,0
BS-CC-002Z,09/21/2019  00:00,-0.137795349999774,0
BS-CC-002Z,09/21/2019  02:50,-0.141732359999904,0
BS-CC-002Z,09/22/2019  00:00,-0.145669370000035,0
BS-CC-002Z,09/23/2019  00:00,-0.153543389999737,0
BS-CC-002Z,09/23/2019  09:10,-0.139763854999839,0
BS-CC-002Z,09/24/2019  00:00,-0.137795349999774,0
BS-CC-002Z,09/24/2019  06:10,-0.14370086499997,0
BS-CC-002Z,09/25/2019  00:00,-0.149606380000166,0
BS-CC-002Z,09/26/2019  00:00,-0.14370086499997,0
BS-CC-002Z,09/27/2019  00:00,-0.151574885000231,0
BS-CC-002Z,09/27/2019  15:01,-0.149606380000166,0
BS-CC-002Z,09/28/2019  00:00,-0.153543389999737,0
BS-CC-002Z,09/30/2019  00:00,-0.141732359999904,0
BS-CC-002Z,10/01/2019  00:00,-0.141732359999904,0
BS-CC-002Z,10/01/2019  21:30,-0.139763854999839,0
BS-CC-002Z,10/01/2019  21:40,-0.141732359999904,0
BS-CC-002Z,10/02/2019  00:00,-0.145669370000035,0
BS-CC-003Z,09/21/2019  00:00,-0.149606380000268,0
BS-CC-003Z,09/22/2019  00:00,-0.15354338999984,0
BS-CC-003Z,09/23/2019  00:00,-0.15748039999997,0
BS-CC-003Z,09/24/2019  00:00,-0.141732360000007,0
BS-CC-003Z,09/25/2019  00:00,-0.15748039999997,0
BS-CC-003Z,09/26/2019  00:00,-0.15354338999984,0
BS-CC-003Z,09/27/2019  00:00,-0.15748039999997,0
BS-CC-003Z,09/27/2019  15:01,-0.15748039999997,0
BS-CC-003Z,09/28/2019  00:00,-0.161417410000101,0
BS-CC-003Z,09/29/2019  16:50,-0.139763854999942,0
BS-CC-003Z,09/29/2019  19:00,-0.145669370000138,0
BS-CC-003Z,09/30/2019  00:00,-0.149606380000268,0
BS-CC-003Z,10/01/2019  00:00,-0.165354420000232,0
BS-CC-003Z,10/02/2019  00:00,-0.155511894999905,0
BS-CC-004Z,09/21/2019  00:00,-0.133858339999976,0
BS-CC-004Z,09/21/2019  04:10,-0.141732360000237,0
BS-CC-004Z,09/21/2019  04:40,-0.139763855000172,0
BS-CC-004Z,09/21/2019  04:50,-0.141732360000237,0
BS-CC-004Z,09/21/2019  05:00,-0.139763855000172,0
BS-CC-004Z,09/21/2019  05:20,-0.141732360000237,0
BS-CC-004Z,09/21/2019  05:30,-0.139763855000172,0
BS-CC-004Z,09/21/2019  05:40,-0.141732360000237,0
BS-CC-004Z,09/22/2019  00:00,-0.141732360000237,0
BS-CC-004Z,09/22/2019  09:50,-0.137795350000106,0
BS-CC-004Z,09/23/2019  00:00,-0.137795350000106,0
BS-CC-004Z,09/24/2019  00:00,-0.129921329999845,0
BS-CC-004Z,09/24/2019  07:20,-0.141732359999678,0
BS-CC-004Z,09/24/2019  07:30,-0.137795350000106,0
BS-CC-004Z,09/24/2019  08:10,-0.141732359999678,0
BS-CC-004Z,09/24/2019  08:20,-0.137795350000106,0
BS-CC-004Z,09/24/2019  08:30,-0.145669369999808,0
BS-CC-004Z,09/25/2019  00:00,-0.145669369999808,0
BS-CC-004Z,09/26/2019  00:00,-0.141732360000237,0
BS-CC-004Z,09/26/2019  06:20,-0.139763855000172,0
BS-CC-004Z,09/26/2019  09:00,-0.147637875000433,0
BS-CC-004Z,09/26/2019  09:10,-0.137795350000106,0
BS-CC-004Z,09/26/2019  09:20,-0.147637875000433,0
BS-CC-004Z,09/26/2019  09:30,-0.137795350000106,0
BS-CC-004Z,09/26/2019  09:40,-0.147637875000433,0
BS-CC-004Z,09/26/2019  10:00,-0.137795350000106,0
BS-CC-004Z,09/26/2019  12:50,-0.141732360000237,0
BS-CC-004Z,09/26/2019  16:20,-0.139763855000172,0
BS-CC-004Z,09/26/2019  20:00,-0.141732360000237,0
BS-CC-004Z,09/27/2019  00:00,-0.145669369999808,0
BS-CC-004Z,09/27/2019  15:01,-0.149606379999939,0
BS-CC-004Z,09/28/2019  00:00,-0.151574885000004,0
BS-CC-004Z,09/28/2019  03:20,-0.137795350000106,0
BS-CC-004Z,09/29/2019  09:30,-0.173228440000164,0
BS-CC-004Z,09/29/2019  13:50,-0.137795350000106,0
BS-CC-004Z,09/30/2019  00:00,-0.133858339999976,0
BS-CC-004Z,09/30/2019  21:00,-0.141732359999678,0
BS-CC-004Z,10/01/2019  00:00,-0.143700865000302,0
BS-CC-004Z,10/01/2019  01:00,-0.139763855000172,0
BS-CC-004Z,10/02/2019  00:00,-0.133858339999976,0
BS-CC-005Z,09/21/2019  00:00,-0.118110300000004,0
BS-CC-005Z,09/22/2019  00:00,-0.118110300000004,0
BS-CC-005Z,09/23/2019  00:00,-0.114173289999874,0
BS-CC-005Z,09/24/2019  00:00,-0.110236279999743,0
BS-CC-005Z,09/25/2019  00:00,-0.137795350000098,0
BS-CC-005Z,09/26/2019  00:00,-0.12007880500007,0
BS-CC-005Z,09/27/2019  00:00,-0.124015815000201,0
BS-CC-005Z,09/27/2019  15:01,-0.114173289999874,0
BS-CC-005Z,09/28/2019  00:00,-0.110236279999743,0
BS-CC-005Z,09/29/2019  09:30,-0.19291349000025,0
BS-CC-005Z,09/29/2019  13:50,-0.122047310000135,0
BS-CC-005Z,09/30/2019  00:00,-0.0944882399997798,0
BS-CC-005Z,10/01/2019  00:00,-0.114173289999874,0
BS-CC-005Z,10/02/2019  00:00,-0.110236279999743,0
BS-CC-006Z,09/21/2019  00:00,0.00787401999975026,0
BS-CC-006Z,09/22/2019  00:00,0.00393701000017905,0
BS-CC-006Z,09/23/2019  00:00,0.00787401999975026,0
BS-CC-006Z,09/24/2019  00:00,0.0157480400000117,0
BS-CC-006Z,09/25/2019  00:00,-0.00393701000008234,0
BS-CC-006Z,09/26/2019  00:00,-0.0118110299997842,0
BS-CC-006Z,09/27/2019  00:00,-0.00393701000008234,0
BS-CC-006Z,09/27/2019  15:01,-0.0157480399999149,0
BS-CC-006Z,09/28/2019  00:00,-0.0118110299997842,0
BS-CC-006Z,10/01/2019  00:00,-0.0118110299997842,0
BS-CC-006Z,10/02/2019  00:00,0.00393701000017905,0
BS-CC-007Z,09/21/2019  00:00,0.015748040000025,0
BS-CC-007Z,09/22/2019  00:00,0.015748040000025,0
BS-CC-007Z,09/23/2019  00:00,0.015748040000025,0
BS-CC-007Z,09/24/2019  00:00,0.0236220599997269,0
BS-CC-007Z,09/25/2019  00:00,0.00787401999976365,0
BS-CC-007Z,09/26/2019  00:00,-0.00393701000006896,0
BS-CC-007Z,09/27/2019  00:00,0.00393701000019243,0
BS-CC-007Z,09/27/2019  15:01,-0.00393701000006896,0
BS-CC-007Z,09/28/2019  00:00,-0.00393701000006896,0
BS-CC-007Z,10/01/2019  00:00,0.00393701000019243,0
BS-CC-007Z,10/02/2019  00:00,0.0196850500001557,0
BS-CC-021Z,09/21/2019  00:00,-0.0826772100005703,0
BS-CC-021Z,09/22/2019  00:00,-0.114173290000497,0
BS-CC-021Z,09/23/2019  00:00,-0.0944882400004029,0
BS-CC-021Z,09/24/2019  00:00,-0.0885827250002069,0
BS-CC-021Z,09/25/2019  00:00,-0.0885827250002069,0
BS-CC-021Z,09/26/2019  00:00,-0.0984252500005336,0
BS-CC-021Z,09/27/2019  00:00,-0.0984252500005336,0
BS-CC-021Z,09/27/2019  15:01,-0.0944882400004029,0
BS-CC-021Z,09/28/2019  00:00,-0.0905512300008317,0
BS-CC-021Z,09/29/2019  00:00,-0.0984252500005336,0
BS-CC-021Z,09/30/2019  00:00,-0.0826772100005703,0
BS-CC-021Z,10/01/2019  00:00,-0.080708705000505,0
BS-CC-021Z,10/02/2019  00:00,-0.0787402000004396,0
BS-CC-022AZ,09/21/2019  00:00,-0.0514959700000617,0
BS-CC-022AZ,09/22/2019  00:00,-0.0751180300002864,0
BS-CC-022AZ,09/23/2019  00:00,-0.0633069999998944,0
BS-CC-022AZ,09/24/2019  00:00,-0.0514959700000617,0
BS-CC-022AZ,09/25/2019  00:00,-0.0514959700000617,0
BS-CC-022AZ,09/26/2019  00:00,-0.0613384950003885,0
BS-CC-022AZ,09/27/2019  00:00,-0.0436219500003598,0
BS-CC-022AZ,09/27/2019  15:01,-0.0436219500003598,0
BS-CC-022AZ,09/28/2019  00:00,-0.0495274649999964,0
BS-CC-022AZ,09/29/2019  00:00,-0.0751180300002864,0
BS-CC-022AZ,09/30/2019  00:00,-0.0554329800001924,0
BS-CC-022AZ,10/01/2019  00:00,-0.0554329800001924,0
BS-CC-022AZ,10/02/2019  00:00,-0.0357479300000984,0
BS-CC-023Z,09/21/2019  00:00,-0.0944882400002882,0
BS-CC-023Z,09/22/2019  00:00,-0.118110300000513,0
BS-CC-023Z,09/23/2019  00:00,-0.110236280000251,0
BS-CC-023Z,09/24/2019  00:00,-0.0866142200005863,0
BS-CC-023Z,09/25/2019  00:00,-0.0984252500004189,0
BS-CC-023Z,09/26/2019  00:00,-0.110236280000811,0
BS-CC-023Z,09/27/2019  00:00,-0.090551230000717,0
BS-CC-023Z,09/27/2019  15:01,-0.090551230000717,0
BS-CC-023Z,09/28/2019  00:00,-0.0984252500004189,0
BS-CC-023Z,09/29/2019  00:00,-0.125984320000774,0
BS-CC-023Z,09/30/2019  00:00,-0.108267775000186,0
BS-CC-023Z,10/01/2019  00:00,-0.112204785000317,0
BS-CC-023Z,10/02/2019  00:00,-0.125984320000774,0
BS-CC-024Z,09/21/2019  00:00,-0.0381889700001163,0
BS-CC-024Z,09/22/2019  00:00,-0.0598425250002757,0
BS-CC-024Z,09/22/2019  20:00,-0.140551230000157,0
BS-CC-024Z,09/23/2019  00:00,-0.140551230000157,0
BS-CC-024Z,09/23/2019  13:00,-0.138582725000092,0
BS-CC-024Z,09/23/2019  13:20,-0.140551230000157,0
BS-CC-024Z,09/23/2019  18:30,-0.116929169999933,0
BS-CC-024Z,09/24/2019  00:00,-0.116929169999933,0
BS-CC-024Z,09/24/2019  12:40,-0.179921329999786,0
BS-CC-024Z,09/24/2019  15:30,-0.116929169999933,0
BS-CC-024Z,09/24/2019  15:50,-0.179921329999786,0
BS-CC-024Z,09/24/2019  16:30,-0.0618110299997815,0
BS-CC-024Z,09/25/2019  15:20,-0.15236225999999,0
BS-CC-024Z,09/25/2019  19:00,-0.136614220000027,0
BS-CC-024Z,09/26/2019  00:00,-0.136614220000027,0
BS-CC-024Z,09/26/2019  14:10,-0.156299270000121,0
BS-CC-024Z,09/26/2019  14:30,-0.136614220000027,0
BS-CC-024Z,09/27/2019  00:00,0.0484252499999616,0
BS-CC-024Z,09/27/2019  15:01,0.0405512300002597,0
BS-CC-024Z,09/28/2019  00:00,-0.0263779399997242,0
BS-CC-024Z,09/29/2019  00:00,-0.0185039200000223,0
BS-CC-024Z,09/30/2019  00:00,0.00118113000007167,0
BS-CC-025Z,09/21/2019  00:00,-0.0708661800001747,0
BS-CC-025Z,09/22/2019  00:00,-0.0925197349997745,0
BS-CC-025Z,09/23/2019  00:00,-0.0787401999998766,0
BS-CC-025Z,09/24/2019  00:00,-0.0708661800001747,0
BS-CC-025Z,09/25/2019  00:00,-0.066929170000044,0
BS-CC-025Z,09/26/2019  00:00,-0.0787401999998766,0
BS-CC-025Z,09/27/2019  00:00,-0.086614220000138,0
BS-CC-025Z,09/27/2019  15:01,-0.0826772100000073,0
BS-CC-025Z,09/28/2019  00:00,-0.0846457150000726,0
BS-CC-025Z,09/29/2019  00:00,-0.0905512300002687,0
BS-CC-025Z,09/30/2019  00:00,-0.0807087049999419,0
BS-CC-025Z,10/01/2019  00:00,-0.0807087049999419,0
BS-CC-025Z,10/02/2019  00:00,-0.0787401999998766,0
BS-CC-026Z,09/21/2019  00:00,-0.330708840000177,0
BS-CC-026Z,09/22/2019  00:00,-0.334645849999748,0
BS-CC-026Z,09/23/2019  00:00,-0.34251987000001,0
BS-CC-026Z,09/24/2019  00:00,-0.326771830000047,0
BS-CC-026Z,09/25/2019  00:00,-0.336614354999814,0
BS-CC-026Z,09/26/2019  00:00,-0.334645849999748,0
BS-CC-026Z,09/27/2019  00:00,-0.340551364999944,0
BS-CC-026Z,09/27/2019  15:01,-0.338582859999879,0
BS-CC-026Z,09/28/2019  00:00,-0.348425385000206,0
BS-CC-026Z,09/30/2019  00:00,-0.340551364999944,0
BS-CC-026Z,10/01/2019  00:00,-0.34251987000001,0
BS-CC-026Z,10/02/2019  00:00,-0.334645849999748,0
BS-CC-027Z,09/21/2019  00:00,-0.307086780000222,0
BS-CC-027Z,09/22/2019  00:00,-0.32086631500012,0
BS-CC-027Z,09/23/2019  00:00,-0.29921275999996,0
BS-CC-027Z,09/24/2019  00:00,-0.297244254999895,0
BS-CC-027Z,09/25/2019  00:00,-0.29527574999983,0
BS-CC-027Z,09/26/2019  00:00,-0.311023789999793,0
BS-CC-027Z,09/27/2019  00:00,-0.334645850000018,0
BS-CC-027Z,09/27/2019  15:01,-0.334645850000018,0
BS-CC-027Z,09/28/2019  00:00,-0.334645850000018,0
BS-CC-027Z,09/29/2019  00:00,-0.350393889999981,0
BS-CC-027Z,09/30/2019  00:00,-0.334645850000018,0
BS-CC-027Z,10/01/2019  00:00,-0.350393889999981,0
BS-CC-027Z,10/02/2019  00:00,-0.34645687999985,0
BS-TS-001Z,09/21/2019  00:00,-2.05981449952208E-13,0
BS-TS-001Z,09/22/2019  00:00,-2.05981449952208E-13,0
BS-TS-001Z,09/23/2019  00:00,-2.05981449952208E-13,0
BS-TS-001Z,09/24/2019  00:00,-0.00787401999990789,0
BS-TS-001Z,09/25/2019  00:00,-0.00787401999990789,0
BS-TS-001Z,09/26/2019  00:00,0.00393700999992471,0
BS-TS-001Z,09/27/2019  00:00,0.0118110300001861,0
BS-TS-001Z,09/27/2019  15:01,0.019685049999888,0
BS-TS-001Z,09/28/2019  00:00,0.0236220600000187,0
BS-TS-001Z,09/29/2019  00:00,0.0314960799997206,0
BS-TS-001Z,09/30/2019  00:00,0.0157480399997573,0
BS-TS-001Z,10/01/2019  00:00,0.00787402000005541,0
BS-TS-001Z,10/02/2019  00:00,0.019685049999888,0
BS-TS-002Z,09/21/2019  00:00,-0.00393700999982008,0
BS-TS-002Z,09/22/2019  00:00,-0.00393700999982008,0
BS-TS-002Z,09/23/2019  00:00,0.00787402000001252,0
BS-TS-002Z,09/24/2019  00:00,-2.48871486613345E-13,0
BS-TS-002Z,09/25/2019  00:00,0.00393700999988182,0
BS-TS-002Z,09/26/2019  00:00,0.00393700999988182,0
BS-TS-002Z,09/27/2019  00:00,0.0157480400002739,0
BS-TS-002Z,09/27/2019  15:01,0.0196850499998451,0
BS-TS-002Z,09/28/2019  00:00,0.0196850499998451,0
BS-TS-002Z,09/29/2019  00:00,0.0196850499998451,0
BS-TS-002Z,09/30/2019  00:00,0.00787402000001252,0
BS-TS-002Z,10/01/2019  00:00,0.00787402000001252,0
BS-TS-002Z,10/02/2019  00:00,0.00787402000001252,0
BS-TS-003Z,09/21/2019  00:00,-0.0196850500000169,0
BS-TS-003Z,09/22/2019  00:00,-0.0433071100002416,0
BS-TS-003Z,09/23/2019  00:00,-0.0433071100002416,0
BS-TS-003Z,09/24/2019  00:00,-0.0177165449999515,0
BS-TS-003Z,09/25/2019  00:00,-0.0275590700002783,0
BS-TS-003Z,09/26/2019  00:00,-0.0236220600001476,0
BS-TS-003Z,09/27/2019  00:00,-0.0157480399998862,0
BS-TS-003Z,09/27/2019  15:01,-0.0157480399998862,0
BS-TS-003Z,09/28/2019  00:00,-0.00984252499969015,0
BS-TS-003Z,09/29/2019  00:00,0.0177165450001057,0
BS-TS-003Z,09/30/2019  00:00,0.0118110299999097,0
BS-TS-003Z,10/01/2019  00:00,0.041338604999771,0
BS-TS-003Z,10/02/2019  00:00,0.0354330900001344,0
BS-TS-005Z,09/21/2019  00:00,0.00393701000007333,0
BS-TS-005Z,09/22/2019  00:00,0.00393701000007333,0
BS-TS-005Z,09/23/2019  00:00,0.00393701000007333,0
BS-TS-005Z,09/24/2019  00:00,0.00393701000007333,0
BS-TS-005Z,09/25/2019  00:00,0.00393701000007333,0
BS-TS-005Z,09/26/2019  00:00,0.00393701000007333,0
BS-TS-005Z,09/27/2019  00:00,0.00787402000020402,0
BS-TS-005Z,09/27/2019  15:01,0.0118110299997752,0
BS-TS-005Z,09/28/2019  00:00,0.0118110299997752,0
BS-TS-005Z,09/29/2019  00:00,0.0157480399999059,0
BS-TS-005Z,09/30/2019  00:00,0.0118110299997752,0
BS-TS-005Z,10/01/2019  00:00,0.0196850500000366,0
BS-TS-005Z,10/02/2019  00:00,0.0157480399999059,0
BS-TS-006Z,09/21/2019  00:00,-0.0118110299999919,0
BS-TS-006Z,09/22/2019  00:00,-0.00787401999986117,0
BS-TS-006Z,09/23/2019  00:00,-0.00787401999986117,0
BS-TS-006Z,09/24/2019  00:00,-0.00787401999986117,0
BS-TS-006Z,09/25/2019  00:00,-0.0118110299999919,0
BS-TS-006Z,09/26/2019  00:00,-0.00787401999986117,0
BS-TS-006Z,09/27/2019  00:00,-0.00787401999986117,0
BS-TS-006Z,09/27/2019  15:01,-0.00984252499992652,0
BS-TS-006Z,09/28/2019  00:00,-0.00787401999986117,0
BS-TS-006Z,09/29/2019  00:00,-0.0118110299999919,0
BS-TS-006Z,09/30/2019  00:00,-0.0118110299999919,0
BS-TS-006Z,10/01/2019  00:00,-0.0118110299999919,0
BS-TS-006Z,10/02/2019  00:00,-0.0157480400001226,0
BS-TS-007Z,09/21/2019  00:00,0.00393700999992307,0
BS-TS-007Z,09/22/2019  00:00,0.0118110300001845,0
BS-TS-007Z,09/23/2019  00:00,0.0118110300001845,0
BS-TS-007Z,09/24/2019  00:00,0.0118110300001845,0
BS-TS-007Z,09/25/2019  00:00,0.0118110300001845,0
BS-TS-007Z,09/26/2019  00:00,0.0118110300001845,0
BS-TS-007Z,09/27/2019  00:00,0.0118110300001845,0
BS-TS-007Z,09/27/2019  15:01,0.0118110300001845,0
BS-TS-007Z,09/28/2019  00:00,0.0118110300001845,0
BS-TS-007Z,09/29/2019  00:00,0.00787402000005377,0
BS-TS-007Z,09/30/2019  00:00,0.00787402000005377,0
BS-TS-007Z,10/01/2019  00:00,0.00787402000005377,0
BS-TS-007Z,10/02/2019  00:00,0.00787402000005377,0
BS-TS-008Z,09/21/2019  00:00,2.68540802789152E-13,0
BS-TS-008Z,09/22/2019  00:00,2.68540802789152E-13,0
BS-TS-008Z,09/23/2019  00:00,2.68540802789152E-13,0
BS-TS-008Z,09/24/2019  00:00,0.00393700999983975,0
BS-TS-008Z,09/25/2019  00:00,0.00393700999983975,0
BS-TS-008Z,09/26/2019  00:00,0.00393700999983975,0
BS-TS-008Z,09/27/2019  00:00,0.00393700999983975,0
BS-TS-008Z,09/27/2019  15:01,0.00787401999997045,0
BS-TS-008Z,09/28/2019  00:00,0.00787401999997045,0
BS-TS-008Z,09/29/2019  00:00,0.0118110300001011,0
BS-TS-008Z,09/30/2019  00:00,0.00787401999997045,0
BS-TS-008Z,10/01/2019  00:00,0.0118110300001011,0
BS-TS-008Z,10/02/2019  00:00,0.0118110300001011,0
BS-TS-009Z,09/21/2019  00:00,0.00393701000022303,0
BS-TS-009Z,09/22/2019  00:00,0.00787401999979424,0
BS-TS-009Z,09/23/2019  00:00,0.00787401999979424,0
BS-TS-009Z,09/24/2019  00:00,0.00393701000022303,0
BS-TS-009Z,09/25/2019  00:00,0.00787401999979424,0
BS-TS-009Z,09/26/2019  00:00,0.00787401999979424,0
BS-TS-009Z,09/27/2019  00:00,0.00787401999979424,0
BS-TS-009Z,09/27/2019  15:01,0.0118110299999249,0
BS-TS-009Z,09/28/2019  00:00,0.0157480400000556,0
BS-TS-009Z,09/29/2019  00:00,0.0196850500001863,0
BS-TS-009Z,09/30/2019  00:00,0.0118110299999249,0
BS-TS-009Z,10/01/2019  00:00,0.0196850500001863,0
BS-TS-009Z,10/02/2019  00:00,0.0157480400000556,0
BS-TS-010Z,09/21/2019  00:00,-0.021653555000112,0
BS-TS-010Z,09/22/2019  00:00,-0.0511811299999732,0
BS-TS-010Z,09/23/2019  00:00,-0.0629921599998058,0
BS-TS-010Z,09/24/2019  00:00,-0.0393701000001406,0
BS-TS-010Z,09/25/2019  00:00,-0.0433071100002713,0
BS-TS-010Z,09/26/2019  00:00,-0.0433071100002713,0
BS-TS-010Z,09/27/2019  00:00,-0.0196850500000466,0
BS-TS-010Z,09/27/2019  15:01,-0.0354330900000099,0
BS-TS-010Z,09/29/2019  00:00,0.0157480400000107,0
BS-TS-010Z,09/30/2019  00:00,0.00787401999974927,0
BS-TS-010Z,10/01/2019  00:00,0.0393701000002353,0
BS-TS-010Z,10/02/2019  00:00,0.031496079999974,0
BS-TS-011Z,09/21/2019  00:00,-0.110236279999954,0
BS-TS-011Z,09/22/2019  00:00,-0.110236279999954,0
BS-TS-011Z,09/23/2019  00:00,-0.0629921600000644,0
BS-TS-011Z,09/24/2019  00:00,-0.0708661799997663,0
BS-TS-011Z,09/25/2019  00:00,-0.106299269999824,0
BS-TS-011Z,09/26/2019  00:00,-0.074803189999897,0
BS-TS-011Z,09/27/2019  00:00,-0.0354330900002685,0
BS-TS-011Z,09/27/2019  15:01,-0.0472441200001011,0
BS-TS-011Z,09/28/2019  00:00,-0.0492126250001664,0
BS-TS-011Z,09/30/2019  00:00,-0.0472441200001011,0
BS-TS-011Z,10/01/2019  00:00,-0.0452756150000357,0
BS-TS-011Z,10/02/2019  00:00,-0.0905512299998603,0
BS-TS-012Z,09/21/2019  00:00,-0.00196850500016124,0
BS-TS-012Z,09/22/2019  00:00,0.00984252500023085,0
BS-TS-012Z,09/23/2019  00:00,0.0118110299997367,0
BS-TS-012Z,09/24/2019  00:00,0.00393701000003481,0
BS-TS-012Z,09/25/2019  00:00,0.00393701000003481,0
BS-TS-012Z,09/26/2019  00:00,0.00393701000003481,0
BS-TS-012Z,09/27/2019  00:00,0.0078740200001655,0
BS-TS-012Z,09/27/2019  15:01,0.0118110299997367,0
BS-TS-012Z,09/28/2019  00:00,0.0078740200001655,0
BS-TS-012Z,09/29/2019  00:00,0.0078740200001655,0
BS-TS-012Z,09/30/2019  00:00,0.0078740200001655,0
BS-TS-012Z,10/01/2019  00:00,-9.58879163570625E-14,0
BS-TS-012Z,10/02/2019  00:00,-9.58879163570625E-14,0
BS-TS-013Z,09/21/2019  00:00,-0.00787401999989614,0
BS-TS-013Z,09/22/2019  00:00,-0.00393700999976545,0
BS-TS-013Z,09/23/2019  00:00,0.00393700999993646,0
BS-TS-013Z,09/24/2019  00:00,-1.94234497236101E-13,0
BS-TS-013Z,09/25/2019  00:00,-1.94234497236101E-13,0
BS-TS-013Z,09/26/2019  00:00,-1.94234497236101E-13,0
BS-TS-013Z,09/27/2019  00:00,-1.94234497236101E-13,0
BS-TS-013Z,09/27/2019  15:01,-1.94234497236101E-13,0
BS-TS-013Z,09/28/2019  00:00,-1.94234497236101E-13,0
BS-TS-013Z,09/29/2019  00:00,-0.00393700999976545,0
BS-TS-013Z,09/30/2019  00:00,-0.00787401999989614,0
BS-TS-013Z,10/01/2019  00:00,-0.0118110300000268,0
BS-TS-013Z,10/02/2019  00:00,-0.0118110300000268,0
BS-TS-014Z,09/21/2019  00:00,-0.0157480400002185,0
BS-TS-014Z,09/22/2019  00:00,-0.0118110300000878,0
BS-TS-014Z,09/23/2019  00:00,-0.00787401999995706,0
BS-TS-014Z,09/24/2019  00:00,-0.0118110300000878,0
BS-TS-014Z,09/25/2019  00:00,-0.00787401999995706,0
BS-TS-014Z,09/26/2019  00:00,-0.0118110300000878,0
BS-TS-014Z,09/27/2019  00:00,-0.0118110300000878,0
BS-TS-014Z,09/27/2019  15:01,-0.00787401999995706,0
BS-TS-014Z,09/28/2019  00:00,-0.0118110300000878,0
BS-TS-014Z,09/29/2019  00:00,-0.0118110300000878,0
BS-TS-014Z,09/30/2019  00:00,-0.0157480400002185,0
BS-TS-014Z,10/01/2019  00:00,-0.0196850499997897,0
BS-TS-014Z,10/02/2019  00:00,-0.0236220599999204,0
BS-TS-015Z,09/21/2019  00:00,-0.0118110300000044,0
BS-TS-015Z,09/22/2019  00:00,-0.00787401999987374,0
BS-TS-015Z,09/23/2019  00:00,-0.00787401999987374,0
BS-TS-015Z,09/24/2019  00:00,-0.00787401999987374,0
BS-TS-015Z,09/25/2019  00:00,-0.00787401999987374,0
BS-TS-015Z,09/26/2019  00:00,-0.00787401999987374,0
BS-TS-015Z,09/27/2019  00:00,-0.0118110300000044,0
BS-TS-015Z,09/27/2019  15:01,-0.0118110300000044,0
BS-TS-015Z,09/28/2019  00:00,-0.0118110300000044,0
BS-TS-015Z,09/29/2019  00:00,-0.0157480400001351,0
BS-TS-015Z,09/30/2019  00:00,-0.0157480400001351,0
BS-TS-015Z,10/01/2019  00:00,-0.0118110300000044,0
BS-TS-015Z,10/02/2019  00:00,-0.0157480400001351,0
BS-TS-016Z,09/21/2019  00:00,1.57627714353348E-13,0
BS-TS-016Z,09/22/2019  00:00,0.00393700999972884,0
BS-TS-016Z,09/23/2019  00:00,0.00393700999972884,0
BS-TS-016Z,09/24/2019  00:00,0.00393700999972884,0
BS-TS-016Z,09/25/2019  00:00,0.00393700999972884,0
BS-TS-016Z,09/26/2019  00:00,0.00393700999972884,0
BS-TS-016Z,09/27/2019  00:00,0.00393700999972884,0
BS-TS-016Z,09/27/2019  15:01,0.00393700999972884,0
BS-TS-016Z,09/28/2019  00:00,1.57627714353348E-13,0
BS-TS-016Z,09/29/2019  00:00,0.00393700999972884,0
BS-TS-016Z,09/30/2019  00:00,1.57627714353348E-13,0
BS-TS-016Z,10/01/2019  00:00,0.00393700999972884,0
BS-TS-016Z,10/02/2019  00:00,0.00393700999972884,0
BS-TS-017Z,09/21/2019  00:00,-0.00393700999980315,0
BS-TS-017Z,09/22/2019  00:00,-0.00787401999993384,0
BS-TS-017Z,09/23/2019  00:00,-2.31934019906399E-13,0
BS-TS-017Z,09/24/2019  00:00,-0.00196850500029728,0
BS-TS-017Z,09/25/2019  00:00,-0.0118110300000645,0
BS-TS-017Z,09/26/2019  00:00,-0.00787401999993384,0
BS-TS-017Z,09/27/2019  00:00,-0.00393700999980315,0
BS-TS-017Z,09/27/2019  15:01,-2.31934019906399E-13,0
BS-TS-017Z,09/28/2019  00:00,0.00196850499983341,0
BS-TS-017Z,09/30/2019  00:00,-0.00787401999993384,0
BS-TS-017Z,10/01/2019  00:00,-0.0118110300000645,0
BS-TS-017Z,10/02/2019  00:00,-0.0196850499997664,0
SS-CC-004AZ,09/21/2019  00:00,0.0196850500001962,0
SS-CC-004AZ,09/22/2019  00:00,0.00590551499973873,0
SS-CC-004AZ,09/23/2019  00:00,0.0196850500001962,0
SS-CC-004AZ,09/24/2019  00:00,0.0334645850000941,0
SS-CC-004AZ,09/25/2019  00:00,0.0275590699998981,0
SS-CC-004AZ,09/26/2019  00:00,0.0236220599997674,0
SS-CC-004AZ,09/27/2019  00:00,0.0275590699998981,0
SS-CC-004AZ,09/27/2019  15:01,0.0275590699998981,0
SS-CC-004AZ,09/28/2019  00:00,0.0255905649998327,0
SS-CC-004AZ,09/29/2019  00:00,0.0433071099998614,0
SS-CC-004AZ,09/30/2019  00:00,0.041338604999796,0
SS-CC-004AZ,10/01/2019  00:00,0.0492126250000574,0
SS-CC-004AZ,10/02/2019  00:00,0.0472441199999921,0
SS-CC-005AZ,09/21/2019  00:00,0.0178740199994691,0
SS-CC-005AZ,09/22/2019  00:00,-0.00968505000032678,0
SS-CC-005AZ,09/23/2019  00:00,0.00606298999963652,0
SS-CC-005AZ,09/24/2019  00:00,0.0218110299995998,0
SS-CC-005AZ,09/25/2019  00:00,0.00999999999976722,0
SS-CC-005AZ,09/26/2019  00:00,0.00999999999976722,0
SS-CC-005AZ,09/27/2019  00:00,0.0178740199994691,0
SS-CC-005AZ,09/27/2019  15:01,0.0178740199994691,0
SS-CC-005AZ,09/28/2019  00:00,0.0198425249995345,0
SS-CC-005AZ,09/29/2019  00:00,0.0277165449997959,0
SS-CC-005AZ,09/30/2019  00:00,0.0237795349996652,0
SS-CC-005AZ,10/01/2019  00:00,0.0316535549993671,0
SS-CC-005AZ,10/02/2019  00:00,0.0336220599994324,0
SS-CC-006AZ,09/21/2019  00:00,0.0472441200001202,0
SS-CC-006AZ,09/22/2019  00:00,0.0334645850002222,0
SS-CC-006AZ,09/23/2019  00:00,0.0511811300002509,0
SS-CC-006AZ,09/24/2019  00:00,0.0669291700002142,0
SS-CC-006AZ,09/25/2019  00:00,0.0649606650001488,0
SS-CC-006AZ,09/26/2019  00:00,0.0590551499999528,0
SS-CC-006AZ,09/27/2019  00:00,0.0708661800003449,0
SS-CC-006AZ,09/27/2019  15:01,0.0708661800003449,0
SS-CC-006AZ,09/28/2019  00:00,0.0767716949999814,0
SS-CC-006AZ,09/29/2019  00:00,0.0787402000000468,0
SS-CC-006AZ,09/30/2019  00:00,0.0885827250003735,0
SS-CC-006AZ,10/01/2019  00:00,0.108267774999908,0
SS-CC-006AZ,10/02/2019  00:00,0.0846457150002428,0
SS-CC-007Z,09/21/2019  00:00,9.72587489060997E-14,0
SS-CC-007Z,09/22/2019  00:00,-0.0275590699996986,0
SS-CC-007Z,09/23/2019  00:00,-0.0118110299997353,0
SS-CC-007Z,09/24/2019  00:00,9.72587489060997E-14,0
SS-CC-007Z,09/25/2019  00:00,9.72587489060997E-14,0
SS-CC-007Z,09/26/2019  00:00,-0.00196850499996809,0
SS-CC-007Z,09/27/2019  00:00,9.72587489060997E-14,0
SS-CC-007Z,09/27/2019  15:01,-0.00196850499996809,0
SS-CC-007Z,09/28/2019  00:00,-0.00196850499996809,0
SS-CC-007Z,09/29/2019  00:00,0.00393701000022795,0
SS-CC-007Z,09/30/2019  00:00,-0.00196850499996809,0
SS-CC-007Z,10/01/2019  00:00,0.00196850500016261,0
SS-CC-007Z,10/02/2019  00:00,0.00393701000022795,0
SS-CC-009Z,09/21/2019  00:00,-0.0708661799999428,0
SS-CC-009Z,09/22/2019  00:00,-0.0925197349995427,0
SS-CC-009Z,09/23/2019  00:00,-0.0787401999996447,0
SS-CC-009Z,09/24/2019  00:00,-0.0688976749998775,0
SS-CC-009Z,09/25/2019  00:00,-0.0807087049997101,0
SS-CC-009Z,09/26/2019  00:00,-0.0728346850000082,0
SS-CC-009Z,09/27/2019  00:00,-0.0767716949995794,0
SS-CC-009Z,09/27/2019  15:01,-0.0787401999996447,0
SS-CC-009Z,09/28/2019  00:00,-0.0826772099997754,0
SS-CC-009Z,09/29/2019  00:00,-0.0787401999996447,0
SS-CC-009Z,09/30/2019  00:00,-0.0826772099997754,0
SS-CC-009Z,10/01/2019  00:00,-0.0708661799999428,0
SS-CC-009Z,10/02/2019  00:00,-0.074803189999514,0
SS-CC-010Z,09/21/2019  00:00,-0.0551181400002762,0
SS-CC-010Z,09/22/2019  00:00,-0.0767716950004356,0
SS-CC-010Z,09/23/2019  00:00,-0.0629921600005376,0
SS-CC-010Z,09/24/2019  00:00,-0.0531496350002109,0
SS-CC-010Z,09/25/2019  00:00,-0.0590551500004069,0
SS-CC-010Z,09/26/2019  00:00,-0.0531496350002109,0
SS-CC-010Z,09/27/2019  00:00,-0.0590551500004069,0
SS-CC-010Z,09/27/2019  15:01,-0.0629921600005376,0
SS-CC-010Z,09/28/2019  00:00,-0.0629921600005376,0
SS-CC-010Z,09/29/2019  00:00,-0.0590551500004069,0
SS-CC-010Z,09/30/2019  00:00,-0.0531496350002109,0
SS-CC-010Z,10/01/2019  00:00,-0.0531496350002109,0
SS-CC-010Z,10/02/2019  00:00,-0.0551181400002762,0
SS-CC-011Z,09/21/2019  00:00,0.0990551500001039,0
SS-CC-011Z,09/22/2019  00:00,0.0833071100001406,0
SS-CC-011Z,09/23/2019  00:00,0.0951181399999732,0
SS-CC-011Z,09/24/2019  00:00,0.106929169999806,0
SS-CC-011Z,09/25/2019  00:00,0.0931496350004673,0
SS-CC-011Z,09/26/2019  00:00,0.0970866450000385,0
SS-CC-011Z,09/27/2019  00:00,0.106929169999806,0
SS-CC-011Z,09/27/2019  15:01,0.106929169999806,0
SS-CC-011Z,09/28/2019  00:00,0.102992160000235,0
SS-CC-011Z,09/29/2019  00:00,0.0951181399999732,0
SS-CC-011Z,09/30/2019  00:00,0.10496066499974,0
SS-CC-011Z,10/01/2019  00:00,0.110866179999936,0
SS-CC-011Z,10/02/2019  00:00,0.106929169999806,0
SS-CC-012Z,09/21/2019  00:00,0.183622060000276,0
SS-CC-012Z,09/22/2019  00:00,0.165905515000247,0
SS-CC-012Z,09/23/2019  00:00,0.179685050000145,0
SS-CC-012Z,09/24/2019  00:00,0.191496079999978,0
SS-CC-012Z,09/25/2019  00:00,0.191496080000537,0
SS-CC-012Z,09/26/2019  00:00,0.167874019999753,0
SS-CC-012Z,09/27/2019  00:00,0.191496079999978,0
SS-CC-012Z,09/27/2019  15:01,0.191496079999978,0
SS-CC-012Z,09/28/2019  00:00,0.191496079999978,0
SS-CC-012Z,09/29/2019  00:00,0.195433090000108,0
SS-CC-012Z,09/30/2019  00:00,0.189527574999912,0
SS-CC-012Z,10/01/2019  00:00,0.191496079999978,0
SS-CC-012Z,10/02/2019  00:00,0.187559070000406,0
SS-CC-013Z,09/21/2019  00:00,0.0275590699997601,0
SS-CC-013Z,09/22/2019  00:00,-0.00984252499980304,0
SS-CC-013Z,09/23/2019  00:00,-0.0708661800001504,0
SS-CC-013Z,09/24/2019  00:00,-0.0393701000002238,0
SS-CC-013Z,09/26/2019  00:00,-0.0570866450002524,0
SS-CC-013Z,09/27/2019  00:00,0.0275590699997601,0
SS-CC-013Z,09/27/2019  15:01,0.0905512300001728,0
SS-CC-013Z,09/28/2019  00:00,0.0708661800000788,0
SS-CC-013Z,09/29/2019  00:00,0.0374015949995274,0
SS-CC-013Z,09/30/2019  00:00,0.0590551500002462,0
SS-CC-014Z,09/21/2019  00:00,-0.220472559999899,0
SS-CC-014Z,09/22/2019  00:00,-0.22834658000016,0
SS-CC-014Z,09/23/2019  00:00,-0.240157609999993,0
SS-CC-014Z,09/24/2019  00:00,-0.22834658000016,0
SS-CC-014Z,09/25/2019  00:00,-0.240157609999993,0
SS-CC-014Z,09/26/2019  00:00,-0.238189104999928,0
SS-CC-014Z,09/27/2019  00:00,-0.244094620000124,0
SS-CC-014Z,09/27/2019  15:01,-0.244094620000124,0
SS-CC-014Z,09/28/2019  00:00,-0.246063125000189,0
SS-CC-014Z,09/29/2019  09:30,-0.307086779999977,0
SS-CC-014Z,09/29/2019  09:50,-0.273622194999985,0
SS-CC-014Z,09/30/2019  00:00,-0.244094620000124,0
SS-CC-014Z,10/01/2019  00:00,-0.251968639999826,0
SS-CC-014Z,10/02/2019  00:00,-0.248031630000254,0
SS-CC-015Z,09/21/2019  00:00,0.0332284399999741,0
SS-CC-015Z,09/22/2019  00:00,-0.0179526900000465,0
SS-CC-015Z,09/23/2019  00:00,-0.0573227900002345,0
SS-CC-015Z,09/24/2019  00:00,-0.0750393350002631,0
SS-CC-015Z,09/26/2019  00:00,-0.0789763449998343,0
SS-CC-015Z,09/27/2019  00:00,0.0765355499997333,0
SS-CC-015Z,09/27/2019  15:01,0.0765355499997333,0
SS-CC-015Z,09/28/2019  00:00,0.0765355499997333,0
SS-CC-015Z,09/29/2019  00:00,0.0922835900002561,0
SS-CC-015Z,09/30/2019  00:00,0.0489764799999374,0
SS-CC-016Z,09/21/2019  00:00,-0.236220599999738,0
SS-CC-016Z,09/22/2019  00:00,-0.248031630000131,0
SS-CC-016Z,09/23/2019  00:00,-0.261811165000029,0
SS-CC-016Z,09/24/2019  00:00,-0.248031630000131,0
SS-CC-016Z,09/25/2019  00:00,-0.263779670000094,0
SS-CC-016Z,09/26/2019  00:00,-0.259842659999963,0
SS-CC-016Z,09/27/2019  00:00,-0.267716680000225,0
SS-CC-016Z,09/27/2019  15:01,-0.267716680000225,0
SS-CC-016Z,09/28/2019  00:00,-0.271653689999796,0
SS-CC-016Z,09/29/2019  09:30,-0.326771829999947,0
SS-CC-016Z,09/29/2019  13:50,-0.259842659999963,0
SS-CC-016Z,09/30/2019  00:00,-0.263779670000094,0
SS-CC-016Z,10/01/2019  00:00,-0.273622194999861,0
SS-CC-016Z,10/02/2019  00:00,-0.267716680000225,0
SS-CC-017Z,09/21/2019  00:00,0.0237008650000904,0
SS-CC-017Z,09/22/2019  00:00,0.0197638549999597,0
SS-CC-017Z,09/23/2019  00:00,-0.0215747499997341,0
SS-CC-017Z,09/24/2019  00:00,-0.0392912950003222,0
SS-CC-017Z,09/26/2019  00:00,-0.0137007300000322,0
SS-CC-017Z,09/27/2019  00:00,0.116220599999805,0
SS-CC-017Z,09/27/2019  15:01,0.128031630000197,0
SS-CC-017Z,09/28/2019  00:00,0.110315085000168,0
SS-CC-017Z,09/29/2019  00:00,0.0906300350000743,0
SS-CC-017Z,09/30/2019  00:00,0.0925985400001397,0
SS-CC-018Z,09/21/2019  00:00,-0.267716680000154,0
SS-CC-018Z,09/21/2019  04:20,-0.291338739999819,0
SS-CC-018Z,09/22/2019  00:00,-0.291338739999819,0
SS-CC-018Z,09/22/2019  04:10,-0.289370235000313,0
SS-CC-018Z,09/22/2019  05:00,-0.291338739999819,0
SS-CC-018Z,09/23/2019  00:00,-0.348425385000036,0
SS-CC-018Z,09/24/2019  00:00,-0.314960800000044,0
SS-CC-018Z,09/24/2019  08:50,-0.287401729999689,0
SS-CC-018Z,09/24/2019  09:00,-0.291338739999819,0
SS-CC-018Z,09/24/2019  09:10,-0.287401729999689,0
SS-CC-018Z,09/25/2019  00:00,-0.281496215000052,0
SS-CC-018Z,09/25/2019  04:50,-0.291338739999819,0
SS-CC-018Z,09/26/2019  00:00,-0.32086631500024,0
SS-CC-018Z,09/27/2019  00:00,-0.311023789999913,0
SS-CC-018Z,09/27/2019  10:50,-0.287401730000248,0
SS-CC-018Z,09/27/2019  15:01,-0.281496215000052,0
SS-CC-018Z,09/28/2019  00:00,-0.291338739999819,0
SS-CC-018Z,09/28/2019  02:00,-0.275590699999856,0
SS-CC-018Z,09/29/2019  16:50,-0.299212760000081,0
SS-CC-018Z,09/30/2019  00:00,-0.334645850000138,0
SS-CC-018Z,10/01/2019  00:00,-0.318897810000175,0
SS-CC-018Z,10/02/2019  00:00,-0.358267909999803,0
SS-CC-019Z,09/21/2019  00:00,0.0669291700002033,0
SS-CC-019Z,09/22/2019  00:00,0.0669291699996438,0
SS-CC-019Z,09/23/2019  00:00,2.19367512349633E-13,0
SS-CC-019Z,09/24/2019  00:00,0.0255905649999499,0
SS-CC-019Z,09/26/2019  00:00,-0.027559070000136,0
SS-CC-019Z,09/27/2019  00:00,0.157480399999852,0
SS-CC-019Z,09/27/2019  15:01,0.157480399999852,0
SS-CC-019Z,09/28/2019  00:00,0.131889835000122,0
SS-CC-019Z,09/29/2019  00:00,0.137795349999758,0
SS-CC-019Z,09/29/2019  18:10,0.366141930000065,0
SS-CC-019Z,09/29/2019  19:00,0.204724519999742,0
SS-CC-019Z,09/30/2019  00:00,0.0787402000000359,0
SS-CC-020Z,09/21/2019  00:00,-0.271653690000038,0
SS-CC-020Z,09/22/2019  00:00,-0.287401730000001,0
SS-CC-020Z,09/22/2019  05:30,-0.291338740000132,0
SS-CC-020Z,09/22/2019  08:00,-0.285433224999936,0
SS-CC-020Z,09/23/2019  00:00,-0.279527710000299,0
SS-CC-020Z,09/23/2019  04:50,-0.291338740000132,0
SS-CC-020Z,09/23/2019  05:10,-0.287401730000001,0
SS-CC-020Z,09/23/2019  05:20,-0.291338740000132,0
SS-CC-020Z,09/23/2019  05:40,-0.289370235000066,0
SS-CC-020Z,09/23/2019  06:40,-0.291338740000132,0
SS-CC-020Z,09/23/2019  08:50,-0.289370235000066,0
SS-CC-020Z,09/23/2019  09:00,-0.291338740000132,0
SS-CC-020Z,09/23/2019  09:10,-0.287401730000001,0
SS-CC-020Z,09/24/2019  00:00,-0.287401730000001,0
SS-CC-020Z,09/24/2019  07:00,-0.291338740000132,0
SS-CC-020Z,09/25/2019  00:00,-0.299212759999833,0
SS-CC-020Z,09/25/2019  07:20,-0.289370235000066,0
SS-CC-020Z,09/26/2019  00:00,-0.281496214999805,0
SS-CC-020Z,09/26/2019  06:40,-0.291338740000132,0
SS-CC-020Z,09/27/2019  00:00,-0.301181264999899,0
SS-CC-020Z,09/27/2019  15:01,-0.303149769999964,0
SS-CC-020Z,09/28/2019  00:00,-0.311023790000226,0
SS-CC-020Z,09/29/2019  16:40,-0.289370235000066,0
SS-CC-020Z,09/29/2019  16:50,-0.299212759999833,0
SS-CC-020Z,09/29/2019  17:10,-0.289370235000066,0
SS-CC-020Z,09/29/2019  20:10,-0.291338740000132,0
SS-CC-020Z,09/29/2019  21:30,-0.289370235000066,0
SS-CC-020Z,09/29/2019  21:40,-0.291338740000132,0
SS-CC-020Z,09/30/2019  00:00,-0.295275750000262,0
SS-CC-020Z,10/01/2019  00:00,-0.307086780000095,0
SS-CC-020Z,10/02/2019  00:00,-0.299212759999833,0
SS-CC-021Z,09/21/2019  00:00,-0.0945669100002364,0
SS-CC-021Z,09/22/2019  00:00,-0.0768503650002077,0
SS-CC-021Z,09/23/2019  00:00,-0.15755907000009,0
SS-CC-021Z,09/24/2019  00:00,-0.143779535000192,0
SS-CC-021Z,09/26/2019  00:00,-0.171338604999988,0
SS-CC-021Z,09/27/2019  00:00,0.00188983500016824,0
SS-CC-021Z,09/27/2019  15:01,-0.00401568000002781,0
SS-CC-021Z,09/28/2019  00:00,-0.0414172750001504,0
SS-CC-021Z,09/29/2019  00:00,-0.047322789999787,0
SS-CC-021Z,09/30/2019  00:00,-0.0906299000001057,0
SS-CC-023Z,10/02/2019  00:00,-0.0826772099999893,0
SS-CC-024Z,09/21/2019  00:00,-0.810551229999637,0
SS-CC-024Z,09/22/2019  00:00,-0.804645715,0
SS-CC-024Z,09/23/2019  00:00,-0.853858339999955,0
SS-CC-024Z,09/24/2019  00:00,-0.790866180000102,0
SS-CC-024Z,09/26/2019  00:00,-0.871574884999984,0
SS-CC-024Z,09/27/2019  00:00,-0.712125979999726,0
SS-CC-024Z,09/27/2019  15:01,-0.735748039999951,0
SS-CC-024Z,09/28/2019  00:00,-0.802677209999935,0
SS-CC-024Z,09/29/2019  00:00,-0.775118140000139,0
SS-CC-024Z,09/30/2019  00:00,-0.739685050000081,0
SS-CC-025Z,09/21/2019  00:00,-0.0196850499999186,0
SS-CC-025Z,09/22/2019  00:00,-0.0196850499999186,0
SS-CC-025Z,09/23/2019  00:00,-0.0354330899998819,0
SS-CC-025Z,09/25/2019  00:00,-0.0236220600000493,0
SS-CC-025Z,10/01/2019  00:00,-0.106299269999996,0
SS-CC-025Z,10/02/2019  00:00,-0.00393700999995531,0
SS-CC-026Z,09/21/2019  00:00,-0.532047310000236,0
SS-CC-026Z,09/21/2019  12:20,-0.490708705000542,0
SS-CC-026Z,09/21/2019  12:50,-0.516299270000273,0
SS-CC-026Z,09/21/2019  14:00,-0.490708705000542,0
SS-CC-026Z,09/21/2019  18:10,-0.516299270000273,0
SS-CC-026Z,09/22/2019  00:00,-0.557637875000526,0
SS-CC-026Z,09/22/2019  12:00,-0.465118140000252,0
SS-CC-026Z,09/22/2019  12:20,-0.532047310000236,0
SS-CC-026Z,09/22/2019  12:50,-0.465118140000252,0
SS-CC-026Z,09/22/2019  13:20,-0.530078805000171,0
SS-CC-026Z,09/22/2019  13:50,-0.492677210000048,0
SS-CC-026Z,09/22/2019  14:10,-0.508425250000012,0
SS-CC-026Z,09/23/2019  00:00,-0.587165449999828,0
SS-CC-026Z,09/24/2019  00:00,-0.50055123000031,0
SS-CC-026Z,09/24/2019  17:00,-0.433622059999766,0
SS-CC-026Z,09/25/2019  15:20,-0.618661529999755,0
SS-CC-026Z,09/26/2019  00:00,-0.579291430000126,0
SS-CC-026Z,09/26/2019  16:20,-0.465118140000252,0
SS-CC-026Z,09/27/2019  00:00,-0.461181130000122,0
SS-CC-026Z,09/27/2019  15:01,-0.465118140000252,0
SS-CC-026Z,09/27/2019  16:30,-0.506456744999946,0
SS-CC-026Z,09/28/2019  00:00,-0.506456744999946,0
SS-CC-026Z,09/28/2019  14:30,-0.488740199999918,0
SS-CC-026Z,09/28/2019  14:40,-0.528110300000106,0
SS-CC-026Z,09/28/2019  14:50,-0.492677210000048,0
SS-CC-026Z,09/28/2019  15:00,-0.530078804999611,0
SS-CC-026Z,09/28/2019  16:10,-0.492677210000048,0
SS-CC-026Z,09/29/2019  00:00,-0.490708704999983,0
SS-CC-026Z,09/30/2019  00:00,-0.413937010000232,0
SS-CC-026Z,09/30/2019  14:30,-0.559606380000032,0
SS-CC-027Z,09/21/2019  00:00,-0.433228440000048,0
SS-CC-027Z,09/22/2019  00:00,-0.415511895000019,0
SS-CC-027Z,09/23/2019  00:00,-0.448976480000011,0
SS-CC-027Z,09/24/2019  00:00,-0.385984320000158,0
SS-CC-027Z,09/26/2019  00:00,-0.468661529999545,0
SS-CC-027Z,09/27/2019  00:00,-0.3505512300001,0
SS-CC-027Z,09/27/2019  15:01,-0.342677209999839,0
SS-CC-027Z,09/28/2019  00:00,-0.354488240000231,0
SS-CC-027Z,09/29/2019  00:00,-0.336771695000202,0
SS-CC-027Z,09/29/2019  15:10,-0.267874020000153,0
SS-CC-027Z,09/30/2019  00:00,-0.267874020000153,0
SS-CC-027Z,09/30/2019  13:50,-0.338740199999708,0
SS-CC-028Z,09/21/2019  00:00,-0.0421259799999383,0
SS-CC-028Z,09/22/2019  00:00,-0.0421259799999383,0
SS-CC-028Z,09/23/2019  00:00,-0.0421259799999383,0
SS-CC-028Z,09/24/2019  00:00,-0.026377939999975,0
SS-CC-028Z,09/25/2019  00:00,-0.046062990000069,0
SS-CC-028Z,09/26/2019  00:00,-0.0578740199999016,0
SS-CC-028Z,09/27/2019  00:00,-0.046062990000069,0
SS-CC-028Z,09/27/2019  15:01,-0.0539370099997709,0
SS-CC-028Z,09/28/2019  00:00,-0.0500000000001997,0
SS-CC-028Z,10/01/2019  00:00,-0.046062990000069,0
SS-CC-028Z,10/02/2019  00:00,-0.0421259799999383,0
SS-CC-029Z,09/21/2019  00:00,-0.161417409999831,0
SS-CC-029Z,09/24/2019  00:00,-0.200787510000019,0
SS-CC-029Z,09/29/2019  00:00,-0.0964567449999123,0
SS-CC-029Z,09/30/2019  00:00,-0.0551181400002185,0
SS-CC-030Z,09/21/2019  00:00,-0.0857480400001917,0
SS-CC-030Z,09/22/2019  00:00,-0.0857480400001917,0
SS-CC-030Z,09/23/2019  00:00,-0.081811030000061,0
SS-CC-030Z,09/24/2019  00:00,-0.0700000000002284,0
SS-CC-030Z,09/25/2019  00:00,-0.0936220599998936,0
SS-CC-030Z,09/26/2019  00:00,-0.0975590700000243,0
SS-CC-030Z,09/27/2019  00:00,-0.0857480400001917,0
SS-CC-030Z,09/27/2019  15:01,-0.0975590700000243,0
SS-CC-030Z,09/28/2019  00:00,-0.0975590700000243,0
SS-CC-030Z,10/01/2019  00:00,-0.107401594999792,0
SS-CC-030Z,10/02/2019  00:00,-0.0857480400001917,0
SS-CC-031Z,09/21/2019  00:00,-0.0303149500002346,0
SS-CC-031Z,09/22/2019  00:00,-0.0342519599998059,0
SS-CC-031Z,09/23/2019  00:00,-0.0342519599998059,0
SS-CC-031Z,09/24/2019  00:00,-0.0185039199998426,0
SS-CC-031Z,09/25/2019  00:00,-0.0460629900001979,0
SS-CC-031Z,09/26/2019  00:00,-0.0499999999997692,0
SS-CC-031Z,09/27/2019  00:00,-0.0421259800000673,0
SS-CC-031Z,09/27/2019  15:01,-0.0539370099998999,0
SS-CC-031Z,09/28/2019  00:00,-0.0539370099998999,0
SS-CC-031Z,10/01/2019  00:00,-0.0696850499998631,0
SS-CC-031Z,10/02/2019  00:00,-0.0460629900001979,0
SS-CC-032Z,09/21/2019  00:00,0.0690551500000457,0
SS-CC-032Z,09/22/2019  00:00,0.0690551500000457,0
SS-CC-032Z,09/23/2019  00:00,0.0690551500000457,0
SS-CC-032Z,09/24/2019  00:00,0.0769291699997476,0
SS-CC-032Z,09/26/2019  00:00,0.0493700999999517,0
SS-CC-032Z,09/27/2019  00:00,0.0611811299997843,0
SS-CC-032Z,09/27/2019  15:01,0.051338605000017,0
SS-CC-032Z,09/28/2019  00:00,0.0533071100000824,0
SS-CC-032Z,10/01/2019  00:00,0.0277165449997923,0
SS-CC-032Z,10/02/2019  00:00,0.045433089999821,0
SS-CC-033Z,09/21/2019  00:00,-0.0159055150000608,0
SS-CC-033Z,09/22/2019  00:00,-0.0178740200001262,0
SS-CC-033Z,09/23/2019  00:00,-0.00999999999986477,0
SS-CC-033Z,09/24/2019  00:00,-0.00212598000016287,0
SS-CC-033Z,09/25/2019  00:00,-0.0218110300002569,0
SS-CC-033Z,09/26/2019  00:00,-0.0296850499999588,0
SS-CC-033Z,09/27/2019  00:00,-0.0178740200001262,0
SS-CC-033Z,09/27/2019  15:01,-0.0296850499999588,0
SS-CC-033Z,09/28/2019  00:00,-0.0296850499999588,0
SS-CC-033Z,10/01/2019  00:00,-0.0336220600000895,0
SS-CC-033Z,10/02/2019  00:00,-0.0139370099999955,0
SS-CC-034Z,09/21/2019  00:00,0.0551181400002237,0
SS-CC-034Z,09/22/2019  00:00,0.051181130000093,0
SS-CC-034Z,09/23/2019  00:00,0.0531496350001583,0
SS-CC-034Z,09/27/2019  00:00,0.0393701000002604,0
SS-CC-034Z,09/27/2019  15:01,0.0393701000002604,0
SS-CC-034Z,09/28/2019  00:00,0.0393701000002604,0
SS-CC-034Z,10/01/2019  00:00,0.0157480400000357,0
SS-CC-034Z,10/02/2019  00:00,0.031496079999999,0
SS-TS-001Z,09/26/2019  00:00,0.116141794999966,0
SS-TS-001Z,09/27/2019  00:00,0.0905512300002353,0
SS-TS-001Z,10/02/2019  00:00,0.118110300000031,0
SS-TS-002Z,09/21/2019  00:00,0.0826772100001146,0
SS-TS-002Z,09/22/2019  00:00,0.0826772100001146,0
SS-TS-002Z,09/23/2019  00:00,0.0905512299998166,0
SS-TS-002Z,09/24/2019  00:00,0.0885827249997512,0
SS-TS-002Z,09/25/2019  00:00,0.0944882399999473,0
SS-TS-002Z,09/26/2019  00:00,0.0944882399999473,0
SS-TS-002Z,09/27/2019  00:00,0.0944882399999473,0
SS-TS-002Z,09/27/2019  15:01,0.102362260000209,0
SS-TS-002Z,09/28/2019  00:00,0.0984252500000779,0
SS-TS-002Z,09/29/2019  00:00,0.0984252500000779,0
SS-TS-002Z,09/30/2019  00:00,0.0984252500000779,0
SS-TS-002Z,10/01/2019  00:00,0.0984252500000779,0
SS-TS-002Z,10/02/2019  00:00,0.0944882399999473,0
UMP-CC-001AZ,09/21/2019  00:00,0.0929921499998174,0
UMP-CC-001AZ,09/22/2019  00:00,0.0752756049997888,0
UMP-CC-001AZ,09/23/2019  00:00,0.0890551400002462,0
UMP-CC-001AZ,09/24/2019  00:00,0.102834675000144,0
UMP-CC-001AZ,09/25/2019  00:00,0.0929921499998174,0
UMP-CC-001AZ,09/26/2019  00:00,0.0949606549998828,0
UMP-CC-001AZ,09/27/2019  00:00,0.10480318000021,0
UMP-CC-001AZ,09/27/2019  15:01,0.10480318000021,0
UMP-CC-001AZ,09/28/2019  00:00,0.102834675000144,0
UMP-CC-001AZ,09/29/2019  00:00,0.120551220000173,0
UMP-CC-001AZ,09/30/2019  00:00,0.114645704999977,0
UMP-CC-001AZ,10/01/2019  00:00,0.13039374499994,0
UMP-CC-001AZ,10/02/2019  00:00,0.132362250000005,0
UMP-CC-002AZ,09/21/2019  00:00,-0.0672440900002063,0
UMP-CC-002AZ,09/22/2019  00:00,-0.0790551200005984,0
UMP-CC-002AZ,09/23/2019  00:00,-0.0672440900002063,0
UMP-CC-002AZ,09/24/2019  00:00,-0.0593700700005044,0
UMP-CC-002AZ,09/25/2019  00:00,-0.0633070800006351,0
UMP-CC-002AZ,09/26/2019  00:00,-0.071181100000337,0
UMP-CC-002AZ,09/27/2019  00:00,-0.0672440900002063,0
UMP-CC-002AZ,09/27/2019  15:01,-0.0672440900002063,0
UMP-CC-002AZ,09/28/2019  00:00,-0.065275585000141,0
UMP-CC-002AZ,09/29/2019  00:00,-0.051496050000243,0
UMP-CC-002AZ,09/30/2019  00:00,-0.0554330600003737,0
UMP-CC-002AZ,10/01/2019  00:00,-0.0455905350006065,0
UMP-CC-002AZ,10/02/2019  00:00,-0.0436220300005411,0
UMP-CC-003Z,09/21/2019  00:00,-0.0275590699997853,0
UMP-CC-003Z,09/22/2019  00:00,-0.0472441199998793,0
UMP-CC-003Z,09/23/2019  00:00,-0.031496079999916,0
UMP-CC-003Z,09/24/2019  00:00,-0.0196850500000834,0
UMP-CC-003Z,09/25/2019  00:00,-0.031496079999916,0
UMP-CC-003Z,09/26/2019  00:00,-0.0393701000001774,0
UMP-CC-003Z,09/27/2019  00:00,-0.0236220600002141,0
UMP-CC-003Z,09/27/2019  15:01,-0.0236220600002141,0
UMP-CC-003Z,09/28/2019  00:00,-0.0275590699997853,0
UMP-CC-003Z,09/29/2019  00:00,-0.0196850500000834,0
UMP-CC-003Z,09/30/2019  00:00,-0.0196850500000834,0
UMP-CC-003Z,10/01/2019  00:00,-0.00787402000025076,0
UMP-CC-003Z,10/02/2019  00:00,-0.0157480399999527,0
UMP-CC-004AZ,09/21/2019  00:00,0.0633070900000493,0
UMP-CC-004AZ,09/22/2019  00:00,0.047559050000086,0
UMP-CC-004AZ,09/23/2019  00:00,0.0633070900000493,0
UMP-CC-004AZ,09/24/2019  00:00,0.0731496149998166,0
UMP-CC-004AZ,09/25/2019  00:00,0.06724410000018,0
UMP-CC-004AZ,09/26/2019  00:00,0.061338584999984,0
UMP-CC-004AZ,09/27/2019  00:00,0.0692126050002454,0
UMP-CC-004AZ,09/27/2019  15:01,0.0731496149998166,0
UMP-CC-004AZ,09/28/2019  00:00,0.0751181199998819,0
UMP-CC-004AZ,09/29/2019  00:00,0.0908661599998452,0
UMP-CC-004AZ,09/30/2019  00:00,0.0849606450002087,0
UMP-CC-004AZ,10/01/2019  00:00,0.0928346649999106,0
UMP-CC-004AZ,10/02/2019  00:00,0.0829921400001433,0
UMP-CC-005AZ,09/21/2019  00:00,0.0142519800002972,0
UMP-CC-005AZ,09/22/2019  00:00,-0.0074015749998621,0
UMP-CC-005AZ,09/23/2019  00:00,0.00637796000003585,0
UMP-CC-005AZ,09/24/2019  00:00,0.0221259999999991,0
UMP-CC-005AZ,09/25/2019  00:00,0.0240945050000645,0
UMP-CC-005AZ,09/26/2019  00:00,0.0142519800002972,0
UMP-CC-005AZ,09/27/2019  00:00,0.0221259999999991,0
UMP-CC-005AZ,09/27/2019  15:01,0.0221259999999991,0
UMP-CC-005AZ,09/28/2019  00:00,0.0221259999999991,0
UMP-CC-005AZ,09/29/2019  00:00,0.0300000200002605,0
UMP-CC-005AZ,09/30/2019  00:00,0.0221259999999991,0
UMP-CC-005AZ,10/01/2019  00:00,0.0378740399999624,0
UMP-CC-005AZ,10/02/2019  00:00,0.0319685250003259,0
UMP-CC-006AZ,09/25/2019  00:00,-0.0118110299998358,0
UMP-CC-006AZ,09/26/2019  00:00,-0.0334645849999952,0
UMP-CC-006AZ,09/27/2019  00:00,-3.20864211936223E-15,0
UMP-CC-006AZ,09/27/2019  15:01,-3.20864211936223E-15,0
UMP-CC-006AZ,09/28/2019  00:00,-0.0078740200002646,0
UMP-CC-006AZ,09/29/2019  00:00,0.0078740199996987,0
UMP-CC-006AZ,09/30/2019  00:00,-0.0039370100001339,0
UMP-CC-006AZ,10/01/2019  00:00,0.0118110299998294,0
UMP-CC-006AZ,10/02/2019  00:00,0.00590551499963335,0
UMP-CC-007Z,09/21/2019  00:00,-0.0275590700004272,0
UMP-CC-007Z,09/22/2019  00:00,-0.0531496350007173,0
UMP-CC-007Z,09/23/2019  00:00,-0.0354330900006886,0
UMP-CC-007Z,09/24/2019  00:00,-0.0196850500007253,0
UMP-CC-007Z,09/25/2019  00:00,-0.0275590700004272,0
UMP-CC-007Z,09/26/2019  00:00,-0.0354330900006886,0
UMP-CC-007Z,09/27/2019  00:00,-0.0196850500007253,0
UMP-CC-007Z,09/27/2019  15:01,-0.0236220600002965,0
UMP-CC-007Z,09/28/2019  00:00,-0.0255905650003619,0
UMP-CC-007Z,09/29/2019  00:00,-0.0314960800005579,0
UMP-CC-007Z,09/30/2019  00:00,-0.0236220600002965,0
UMP-CC-007Z,10/01/2019  00:00,-0.00787402000033325,0
UMP-CC-007Z,10/02/2019  00:00,-0.0157480400005946,0
UMP-CC-008Z,09/21/2019  00:00,-0.0826772099997994,0
UMP-CC-008Z,09/22/2019  00:00,-0.102362259999893,0
UMP-CC-008Z,09/23/2019  00:00,-0.0925197350001261,0
UMP-CC-008Z,09/24/2019  00:00,-0.0787402000002282,0
UMP-CC-008Z,09/25/2019  00:00,-0.0826772099997994,0
UMP-CC-008Z,09/26/2019  00:00,-0.0866142199999301,0
UMP-CC-008Z,09/27/2019  00:00,-0.0944882400001915,0
UMP-CC-008Z,09/27/2019  15:01,-0.0905512300000608,0
UMP-CC-008Z,09/28/2019  00:00,-0.0925197350001261,0
UMP-CC-008Z,09/29/2019  00:00,-0.0925197350001261,0
UMP-CC-008Z,09/30/2019  00:00,-0.0866142199999301,0
UMP-CC-008Z,10/01/2019  00:00,-0.0807087050002935,0
UMP-CC-008Z,10/02/2019  00:00,-0.0787402000002282,0
UMP-CC-009Z,09/21/2019  00:00,-0.0393701000000413,0
UMP-CC-009Z,09/22/2019  00:00,-0.0551181400000046,0
UMP-CC-009Z,09/23/2019  00:00,-0.0472441200003027,0
UMP-CC-009Z,09/24/2019  00:00,-0.0275590700002087,0
UMP-CC-009Z,09/25/2019  00:00,-0.0314960799997799,0
UMP-CC-009Z,09/26/2019  00:00,-0.0551181400000046,0
UMP-CC-009Z,09/27/2019  00:00,-0.0314960799997799,0
UMP-CC-009Z,09/27/2019  15:01,-0.0314960799997799,0
UMP-CC-009Z,09/28/2019  00:00,-0.0354330899999106,0
UMP-CC-009Z,09/29/2019  00:00,-0.0196850499999473,0
UMP-CC-009Z,09/30/2019  00:00,-0.0255905650001433,0
UMP-CC-009Z,10/01/2019  00:00,-0.0118110300002454,0
UMP-CC-009Z,10/02/2019  00:00,-0.0196850499999473,0
UMP-CC-011AZ,09/21/2019  00:00,0.0451181400003537,0
UMP-CC-011AZ,09/22/2019  00:00,0.0431496350002884,0
UMP-CC-011AZ,09/24/2019  00:00,0.0490551500004844,0
UMP-CC-011AZ,09/25/2019  00:00,0.0451181400003537,0
UMP-CC-011AZ,09/26/2019  00:00,0.0451181400003537,0
UMP-CC-011AZ,09/27/2019  00:00,0.0529921600006151,0
UMP-CC-011AZ,09/27/2019  15:01,0.0529921600006151,0
UMP-CC-011AZ,09/28/2019  00:00,0.0470866450004191,0
UMP-CC-011AZ,09/29/2019  00:00,0.060866180000317,0
UMP-CC-011AZ,09/30/2019  00:00,0.0529921600006151,0
UMP-CC-011AZ,10/01/2019  00:00,0.0569291700001864,0
UMP-CC-011AZ,10/02/2019  00:00,0.0569291700001864,0
UMP-CC-013Z,09/21/2019  00:00,0.0511811299998542,0
UMP-CC-013Z,09/22/2019  00:00,-0.00196850499967223,0
UMP-CC-013Z,09/23/2019  00:00,-0.0629921600000196,0
UMP-CC-013Z,09/24/2019  00:00,0.102362259999875,0
UMP-CC-013Z,09/26/2019  00:00,-0.118110300000171,0
UMP-CC-013Z,09/27/2019  00:00,0.114173290000267,0
UMP-CC-013Z,09/27/2019  15:01,0.135826844999867,0
UMP-CC-013Z,09/28/2019  00:00,0.106299270000005,0
UMP-CC-013Z,09/29/2019  00:00,0.0511811300004137,0
UMP-CC-013Z,09/30/2019  00:00,0.145669370000193,0
UMP-CC-014Z,09/21/2019  00:00,0.1279528249998,0
UMP-CC-014Z,09/22/2019  00:00,0.149606379999959,0
UMP-CC-014Z,09/23/2019  00:00,0.0905512300002364,0
UMP-CC-014Z,09/24/2019  00:00,0.0492126249999831,0
UMP-CC-014Z,09/26/2019  00:00,0.082677209999975,0
UMP-CC-014Z,09/27/2019  00:00,0.27755920500029,0
UMP-CC-014Z,09/27/2019  15:01,0.291338740000188,0
UMP-CC-014Z,09/28/2019  00:00,0.291338740000188,0
UMP-CC-014Z,09/29/2019  00:00,0.212598539999812,0
UMP-CC-014Z,09/29/2019  18:10,0.452756149999952,0
UMP-CC-014Z,09/29/2019  19:00,0.338582860000078,0
UMP-CC-014Z,09/30/2019  00:00,0.224409570000204,0
UMP-CC-015Z,09/21/2019  00:00,0.0787401999999553,0
UMP-CC-015Z,09/22/2019  00:00,0.0728346850003187,0
UMP-CC-015Z,09/23/2019  00:00,0.00393701000026947,0
UMP-CC-015Z,09/24/2019  00:00,0.062992159999992,0
UMP-CC-015Z,09/26/2019  00:00,0.0216535549997386,0
UMP-CC-015Z,09/27/2019  00:00,0.151574884999576,0
UMP-CC-015Z,09/27/2019  15:01,0.167322925000098,0
UMP-CC-015Z,09/28/2019  00:00,0.141732359999808,0
UMP-CC-015Z,09/29/2019  00:00,0.157480400000331,0
UMP-CC-015Z,09/30/2019  00:00,0.129921329999976,0
UMP-CC-016Z,09/21/2019  00:00,0.0157480400000518,0
UMP-CC-016Z,09/22/2019  00:00,0.0157480400000518,0
UMP-CC-016Z,09/23/2019  00:00,-0.0157480399998748,0
UMP-CC-016Z,09/24/2019  00:00,-0.00393701000004218,0
UMP-CC-016Z,09/26/2019  00:00,-0.0374015950000341,0
UMP-CC-016Z,09/27/2019  00:00,0.133858339999497,0
UMP-CC-016Z,09/27/2019  15:01,0.118110300000093,0
UMP-CC-016Z,09/28/2019  00:00,0.0807087049999703,0
UMP-CC-016Z,09/29/2019  00:00,0.0846457149995416,0
UMP-CC-016Z,09/30/2019  00:00,0.0354330900001458,0
UMP-CC-017Z,09/21/2019  00:00,-0.0669291699998899,0
UMP-CC-017Z,09/22/2019  00:00,-0.0610236549996939,0
UMP-CC-017Z,09/23/2019  00:00,-0.106299270000078,0
UMP-CC-017Z,09/24/2019  00:00,-0.0708661800000206,0
UMP-CC-017Z,09/26/2019  00:00,-0.129921330000303,0
UMP-CC-017Z,09/27/2019  00:00,0.0433071099998532,0
UMP-CC-017Z,09/27/2019  15:01,0.0334645850000859,0
UMP-CC-017Z,09/28/2019  00:00,-0.00787401999960793,0
UMP-CC-017Z,09/29/2019  00:00,-0.0118110299997386,0
UMP-CC-017Z,09/30/2019  00:00,-0.0275590700002614,0
UMP-CC-019Z,09/21/2019  00:00,-0.112204784999999,0
UMP-CC-019Z,09/22/2019  00:00,-0.080708704999513,0
UMP-CC-019Z,09/23/2019  00:00,-0.157480399999824,0
UMP-CC-019Z,09/24/2019  00:00,-0.106299269999803,0
UMP-CC-019Z,09/26/2019  00:00,-0.177165449999918,0
UMP-CC-019Z,09/27/2019  00:00,-0.00984252499995794,0
UMP-CC-019Z,09/27/2019  15:01,-0.0196850499997252,0
UMP-CC-019Z,09/28/2019  00:00,-0.0708661799997458,0
UMP-CC-019Z,09/29/2019  00:00,-0.0984252500001012,0
UMP-CC-019Z,09/30/2019  00:00,-0.0433071099999499,0
UMP-CC-022Z,09/21/2019  00:00,-0.236220600000262,0
UMP-CC-022Z,09/22/2019  00:00,-0.185039470000242,0
UMP-CC-022Z,09/23/2019  00:00,-0.248031630000095,0
UMP-CC-022Z,09/24/2019  00:00,-0.141732359999923,0
UMP-CC-022Z,09/26/2019  00:00,-0.232283590000131,0
UMP-CC-022Z,09/27/2019  00:00,-0.165354420000148,0
UMP-CC-022Z,09/27/2019  15:01,-0.179133955000046,0
UMP-CC-022Z,09/28/2019  00:00,-0.190944984999878,0
UMP-CC-022Z,09/29/2019  00:00,-0.259842659999927,0
UMP-CC-022Z,09/30/2019  00:00,-0.0354330899997511,0
UMP-CC-024AZ,09/21/2019  00:00,0.0554330900002965,0
UMP-CC-024AZ,09/22/2019  00:00,0.0337795350001372,0
UMP-CC-024AZ,09/23/2019  00:00,0.0554330900002965,0
UMP-CC-024AZ,09/24/2019  00:00,0.0711811300002598,0
UMP-CC-024AZ,09/25/2019  00:00,0.0593701000004272,0
UMP-CC-024AZ,09/26/2019  00:00,0.0633071100005579,0
UMP-CC-024AZ,09/27/2019  00:00,0.0711811300002598,0
UMP-CC-024AZ,09/27/2019  15:01,0.0751181400003905,0
UMP-CC-024AZ,09/28/2019  00:00,0.0731496350003252,0
UMP-CC-024AZ,09/29/2019  00:00,0.0908661800003538,0
UMP-CC-024AZ,09/30/2019  00:00,0.0869291700002231,0
UMP-CC-024AZ,10/01/2019  00:00,0.100708705000121,0
UMP-CC-024AZ,10/02/2019  00:00,0.0888976750002885,0
UMP-CC-025-SZ,09/21/2019  00:00,0.0433071100001504,0
UMP-CC-025-SZ,09/22/2019  00:00,0.0275590700001871,0
UMP-CC-025-SZ,09/23/2019  00:00,0.0393701000000197,0
UMP-CC-025-SZ,09/24/2019  00:00,0.0590551500001137,0
UMP-CC-025-SZ,09/25/2019  00:00,0.0433071100001504,0
UMP-CC-025-SZ,09/26/2019  00:00,0.0433071100001504,0
UMP-CC-025-SZ,09/27/2019  00:00,0.055118139999983,0
UMP-CC-025-SZ,09/27/2019  15:01,0.055118139999983,0
UMP-CC-025-SZ,09/28/2019  00:00,0.0531496349999177,0
UMP-CC-025-SZ,09/29/2019  00:00,0.0728346850000117,0
UMP-CC-025-SZ,09/30/2019  00:00,0.0669291699998156,0
UMP-CC-025-SZ,10/01/2019  00:00,0.0807087049997136,0
UMP-CC-025-SZ,10/02/2019  00:00,0.074803190000077,0
UMP-CC-026Z,09/27/2019  00:00,7.15744560841891E-14,0
UMP-CC-027Z,09/21/2019  00:00,0.112204785000105,0
UMP-CC-027Z,09/22/2019  00:00,-0.00196850499976894,0
UMP-CC-027Z,09/23/2019  00:00,0.0177165449997656,0
UMP-CC-027Z,09/24/2019  00:00,0.00787401999999831,0
UMP-CC-027Z,09/25/2019  00:00,0.0196850499998309,0
UMP-CC-027Z,09/26/2019  00:00,0.0492126249996922,0
